ticker,cik,note
AAUC.TO,1993344,auto: exact name match: 'ALLIED GOLD' = SEC 'Allied Gold Corp' (AAUC); review
ABX.TO,756894,auto: exact name match: 'BARRICK MINING' = SEC 'BARRICK MINING CORP' (B); review
AEM.TO,2809,"auto: exact name match: 'AGNICO EAGLE MINES' = SEC 'AGNICO EAGLE MINES LTD' (AEM, AEMRF); review"
AG.TO,1308648,auto: exact name match: 'FIRST MAJESTIC SILVER' = SEC 'FIRST MAJESTIC SILVER CORP' (AG); review
AGI.TO,1178819,auto: exact name match: 'ALAMOS GOLD CLASS A' = SEC 'ALAMOS GOLD INC' (AGI); review
ARE.TO,1309167,auto: exact name match: 'AECON GROUP' = SEC 'Aecon Group Inc.' (AEGXF); review
ARIS.TO,1964504,auto: exact name match: 'ARIS MINING' = SEC 'Aris Mining Corp' (ARIS); review
ASM.TO,316888,auto: exact name match: 'AVINO SILVER AND GOLD MINES LTD' = SEC 'AVINO SILVER & GOLD MINES LTD' (ASM); review
ATS.TO,1394832,auto: exact name match: 'ATS' = SEC 'ATS Corp /ATS' (ATS); review
AYA.TO,1826836,auto: exact name match: 'AYA GOLD & SILVER INC' = SEC 'Aya Gold & Silver Inc.' (AYA); review
BAM.TO,1937926,auto: exact name match: 'BROOKFIELD ASSET MANAGEMENT VOTING' = SEC 'Brookfield Asset Management Ltd.' (BAM); review
BB.TO,1070235,auto: exact name match: 'BLACKBERRY' = SEC 'BLACKBERRY Ltd' (BB); review
BBUC.TO,1654795,auto: exact name match: 'BROOKFIELD BUSINESS CORP CLASS A' = SEC 'Brookfield Business Corp' (BBUC); review
BCE.TO,718940,"auto: exact name match: 'BCE INC' = SEC 'BCE INC' (BCE, BECEF, BCAEF); review"
BEP-UN.TO,1533232,"auto: prefix name match: 'BROOKFIELD RENEWABLE PARTNERS NON' = SEC 'Brookfield Renewable Partners L.P.' (BEP, BEPH, BEPI); review"
BHC.TO,885590,auto: exact name match: 'BAUSCH HEALTH COMPANIES' = SEC 'Bausch Health Companies Inc.' (BHC); review
BIP-UN.TO,1406234,"auto: prefix name match: 'BROOKFIELD INFRASTRUCTURE PARTNERS' = SEC 'Brookfield Infrastructure Partners L.P.' (BIPH, BIP, BIPI); review"
BMO.TO,927971,"auto: exact name match: 'BANK OF MONTREAL' = SEC 'BANK OF MONTREAL /CAN/' (BMO, FNGD, BRZL); review"
BN.TO,1001085,"auto: exact name match: 'BROOKFIELD CLASS A' = SEC 'BROOKFIELD Corp /ON/' (BN, BAMGF, BAMKF); review"
BNS.TO,9631,auto: exact name match: 'BANK OF NOVA SCOTIA' = SEC 'BANK OF NOVA SCOTIA' (BNS); review
BTE.TO,1279495,auto: exact name match: 'BAYTEX ENERGY' = SEC 'BAYTEX ENERGY CORP.' (BTE); review
BTO.TO,1429937,auto: exact name match: 'B2GOLD' = SEC 'B2GOLD CORP' (BTG); review
BYD.TO,2091467,auto: exact name match: 'BOYD GROUP SERVICES INC' = SEC 'Boyd Group Services Inc.' (BGSI); review
CAE.TO,1173382,auto: exact name match: 'CAE' = SEC 'CAE INC' (CAE); review
CCO.TO,1009001,auto: exact name match: 'CAMECO' = SEC 'CAMECO CORP' (CCJ); review
CG.TO,1854640,auto: exact name match: 'CENTERRA GOLD' = SEC 'Centerra Gold Inc.' (CGAU); review
CLS.TO,1030894,auto: exact name match: 'CELESTICA' = SEC 'CELESTICA INC' (CLS); review
CM.TO,1045520,"auto: exact name match: 'CANADIAN IMPERIAL BANK OF COMMERCE' = SEC 'CANADIAN IMPERIAL BANK OF COMMERCE /CAN/' (CM, CNDIF); review"
CNQ.TO,1017413,auto: exact name match: 'CANADIAN NATURAL RESOURCES LTD' = SEC 'CANADIAN NATURAL RESOURCES Ltd' (CNQ); review
CNR.TO,16868,Canadian National Railway files on EDGAR as CNI (40-F/6-K); bare CNR is a different issuer
CP.TO,16875,auto: exact name match: 'CANADIAN PACIFIC KANSAS CITY' = SEC 'CANADIAN PACIFIC KANSAS CITY LTD/CN' (CP); review
CVE.TO,1475260,auto: exact name match: 'CENOVUS ENERGY' = SEC 'CENOVUS ENERGY INC.' (CVE); review
DML.TO,1063259,auto: exact name match: 'DENISON MINES CORP' = SEC 'DENISON MINES CORP.' (DNN); review
DOO.TO,1748797,auto: exact name match: 'BRP SUBORDINATE VOTING' = SEC 'BRP Inc.' (DOO); review
DSG.TO,1050140,auto: exact name match: 'DESCARTES SYSTEMS GROUP' = SEC 'DESCARTES SYSTEMS GROUP INC' (DSGX); review
EDR.TO,1277866,auto: exact name match: 'ENDEAVOUR SILVER CORP' = SEC 'ENDEAVOUR SILVER CORP' (EXK); review
EFR.TO,1385849,auto: exact name match: 'ENERGY FUELS' = SEC 'ENERGY FUELS INC' (UUUU); review
EFX.TO,1904856,auto: exact name match: 'ENERFLEX' = SEC 'Enerflex Ltd.' (EFXT); review
ELD.TO,918608,auto: exact name match: 'ELDORADO GOLD' = SEC 'ELDORADO GOLD CORP /FI' (EGO); review
EMA.TO,1127248,"auto: exact name match: 'EMERA INC' = SEC 'EMERA INC' (EMA, ERRAF, EMICF); review"
ENB.TO,895728,"auto: exact name match: 'ENBRIDGE' = SEC 'ENBRIDGE INC' (ENB, EBBNF, EBBGF); review"
EQX.TO,1756607,auto: exact name match: 'EQUINOX GOLD' = SEC 'Equinox Gold Corp.' (EQX); review
ERO.TO,1853860,auto: exact name match: 'ERO COPPER' = SEC 'Ero Copper Corp.' (ERO); review
FFH.TO,915191,"auto: exact name match: 'FAIRFAX FINANCIAL HOLDINGS SUB VOT' = SEC 'FAIRFAX FINANCIAL HOLDINGS LTD/ CAN' (FRFHF, FRFFF); review"
FNV.TO,1456346,auto: exact name match: 'FRANCO NEVADA' = SEC 'FRANCO NEVADA Corp' (FNV); review
FSV.TO,1637810,auto: exact name match: 'FIRSTSERVICE SUBORDINATE VOTING' = SEC 'FirstService Corp' (FSV); review
FTS.TO,1666175,"auto: exact name match: 'FORTIS' = SEC 'Fortis Inc.' (FTS, FINCF, FORFF); review"
FVI.TO,1341335,auto: exact name match: 'FORTUNA MINING CORP' = SEC 'FORTUNA MINING CORP.' (FSM); review
GIB-A.TO,1061574,auto: exact name match: 'CGI INC CLASS A' = SEC 'CGI INC' (GIB); review
GIL.TO,1061894,auto: exact name match: 'GILDAN ACTIVEWEAR' = SEC 'Gildan Activewear Inc.' (GIL); review
GWO.TO,850918,"auto: exact name match: 'GREAT WEST LIFECO INC' = SEC 'GREAT-WEST LIFECO INC.' (GWLIF, GRWFF, GRWLF); review"
H.TO,1712356,"auto: exact name match: 'HYDRO ONE' = SEC 'Hydro One Ltd' (HRNNF, HYNLY); review"
HBM.TO,1322422,auto: exact name match: 'HUDBAY MINERALS' = SEC 'Hudbay Minerals Inc.' (HBM); review
IMG.TO,1203464,auto: exact name match: 'IAMGOLD CORP' = SEC 'IAMGOLD CORP' (IAG); review
IMO.TO,49938,auto: exact name match: 'IMPERIAL OIL LTD' = SEC 'IMPERIAL OIL LTD' (IMO); review
K.TO,701818,"auto: exact name match: 'KINROSS GOLD' = SEC 'KINROSS GOLD CORP' (KGC, KGCRF); review"
LAC.TO,1966983,auto: exact name match: 'LITHIUM AMERICAS' = SEC 'LITHIUM AMERICAS CORP.' (LAC); review
LSPD.TO,1823306,auto: exact name match: 'LIGHTSPEED COMMERCE' = SEC 'Lightspeed Commerce Inc.' (LSPD); review
MDA.TO,1857047,auto: exact name match: 'MDA SPACE' = SEC 'MDA Space Ltd.' (MDA); review
MFC.TO,1086888,"auto: exact name match: 'MANULIFE FINANCIAL' = SEC 'MANULIFE FINANCIAL CORP' (MFC, MNLCF, MNQFF); review"
MG.TO,749098,auto: exact name match: 'MAGNA INTERNATIONAL' = SEC 'MAGNA INTERNATIONAL INC' (MGA); review
MX.TO,886977,auto: exact name match: 'METHANEX CORP' = SEC 'METHANEX CORP' (MEOH); review
NG.TO,1173420,auto: exact name match: 'NOVAGOLD RESOURCES INC' = SEC 'NOVAGOLD RESOURCES INC' (NG); review
NGEX.TO,2044153,auto: exact name match: 'NGEX MINERALS' = SEC 'NGEx Minerals Ltd.' (NGXXF); review
NTR.TO,1725964,auto: exact name match: 'NUTRIEN LTD' = SEC 'Nutrien Ltd.' (NTR); review
NXE.TO,1698535,auto: exact name match: 'NEXGEN ENERGY' = SEC 'NexGen Energy Ltd.' (NXE); review
OGC.TO,1487326,auto: exact name match: 'OCEANAGOLD CORPORATION CORP' = SEC 'OceanaGold Corp' (OGC); review
OR.TO,1627272,auto: exact name match: 'OR ROYALTIES INC' = SEC 'OR Royalties Inc.' (OR); review
OTEX.TO,1002638,auto: exact name match: 'OPEN TEXT' = SEC 'OPEN TEXT CORP' (OTEX); review
PAAS.TO,771992,"auto: exact name match: 'PAN AMERICAN SILVER' = SEC 'PAN AMERICAN SILVER CORP' (PAAS, PAASF); review"
PBH.TO,1503812,"auto: exact name match: 'PREMIUM BRANDS HOLDINGS' = SEC 'PREMIUM BRANDS HOLDINGS Corp' (PRBRY, PRBZF); review"
PPL.TO,1546066,"auto: exact name match: 'PEMBINA PIPELINE' = SEC 'PEMBINA PIPELINE CORP' (PBA, PBNAF, PBPRF); review"
PPTA.TO,1526243,auto: exact name match: 'PERPETUA RESOURCES' = SEC 'PERPETUA RESOURCES CORP.' (PPTA); review
RBA.TO,1046102,auto: exact name match: 'RB GLOBAL' = SEC 'RB GLOBAL INC.' (RBA); review
RY.TO,1000275,"auto: exact name match: 'ROYAL BANK OF CANADA' = SEC 'ROYAL BANK OF CANADA' (RY, RYLBF); review"
SCR.TO,2068441,auto: exact name match: 'STRATHCONA RESOURCES LTD' = SEC 'Strathcona Resources Ltd.' (STHRF); review
SEA.TO,1231346,auto: exact name match: 'SEABRIDGE GOLD' = SEC 'SEABRIDGE GOLD INC' (SA); review
SHOP.TO,1594805,auto: exact name match: 'SHOPIFY SUBORDINATE VOTING CLASS A' = SEC 'SHOPIFY INC.' (SHOP); review
SII.TO,1512920,auto: exact name match: 'SPROTT INC' = SEC 'SPROTT INC.' (SII); review
SKE.TO,1713748,auto: exact name match: 'SKEENA RESOURCES' = SEC 'Skeena Resources Ltd' (SKE); review
SLF.TO,1097362,"auto: exact name match: 'SUN LIFE FINANCIAL INC' = SEC 'SUN LIFE FINANCIAL INC' (SLF, SLFIF, SLFQF); review"
SOBO.TO,2019061,auto: exact name match: 'SOUTH BOW' = SEC 'South Bow Corp' (SOBO); review
SSRM.TO,921638,"auto: exact name match: 'SSR MINING' = SEC 'SSR MINING INC.' (SSRM, SSRGF); review"
STN.TO,1131383,auto: exact name match: 'STANTEC' = SEC 'STANTEC INC' (STN); review
SU.TO,311337,auto: exact name match: 'SUNCOR ENERGY INC' = SEC 'SUNCOR ENERGY INC' (SU); review
SVM.TO,1340677,auto: exact name match: 'SILVERCORP METALS INC' = SEC 'SILVERCORP METALS INC' (SVM); review
T.TO,868675,auto: exact name match: 'TELUS' = SEC 'TELUS CORP' (TU); review
TA.TO,1144800,"auto: exact name match: 'TRANSALTA' = SEC 'TRANSALTA CORP' (TAC, TACPF, TRNTF); review"
TD.TO,947263,"auto: prefix name match: 'TORONTO DOMINION' = SEC 'TORONTO DOMINION BANK' (TD, TDBCP); review"
TECK-B.TO,886986,"auto: exact name match: 'TECK RESOURCES SUBORDINATE VOTING' = SEC 'TECK RESOURCES LTD' (TECK, TCKRF); review"
TFII.TO,1588823,auto: exact name match: 'TFI INTERNATIONAL' = SEC 'TFI International Inc.' (TFII); review
TFPM.TO,1829726,auto: exact name match: 'TRIPLE FLAG PRECIOUS METALS' = SEC 'Triple Flag Precious Metals Corp.' (TFPM); review
TKO.TO,878518,auto: exact name match: 'TREKOR METALS' = SEC 'Trekor Metals Ltd' (TGB); review
TRI.TO,1075124,"auto: exact name match: 'THOMSON REUTERS CORP' = SEC 'THOMSON REUTERS CORP /CAN/' (TRI, TMSOF); review"
TRP.TO,1232384,"auto: exact name match: 'TC ENERGY' = SEC 'TC ENERGY CORP' (TRP, TNCAF, TCANF); review"
USA.TO,1286973,auto: exact name match: 'AMERICAS GOLD AND SILVER' = SEC 'Americas Gold & Silver Corp' (USAS); review
VET.TO,1293135,auto: exact name match: 'VERMILION ENERGY' = SEC 'VERMILION ENERGY INC.' (VET); review
VZLA.TO,1796073,auto: exact name match: 'VIZSLA SILVER' = SEC 'Vizsla Silver Corp.' (VZLA); review
WCN.TO,1318220,"auto: exact name match: 'WASTE CONNECTIONS' = SEC 'Waste Connections, Inc.' (WCN); review"
WCP.TO,1472879,auto: exact name match: 'WHITECAP RESOURCES INC' = SEC 'WHITECAP RESOURCES INC.' (WCPRF); review
WFG.TO,1402388,"auto: exact name match: 'WEST FRASER TIMBER' = SEC 'WEST FRASER TIMBER CO., LTD' (WFG); review"
WPM.TO,1323404,auto: exact name match: 'WHEATON PRECIOUS METALS' = SEC 'Wheaton Precious Metals Corp.' (WPM); review
