ticker,name,source,as_of
RY.TO,ROYAL BANK OF CANADA,TSX Composite,2026-09-24
TD.TO,TORONTO DOMINION,TSX Composite,2026-09-24
SHOP.TO,SHOPIFY SUBORDINATE VOTING CLASS A,TSX Composite,2026-09-24
BMO.TO,BANK OF MONTREAL,TSX Composite,2026-09-24
BNS.TO,BANK OF NOVA SCOTIA,TSX Composite,2026-09-24
ENB.TO,ENBRIDGE,TSX Composite,2026-09-24
CM.TO,CANADIAN IMPERIAL BANK OF COMMERCE,TSX Composite,2026-09-24
CNQ.TO,CANADIAN NATURAL RESOURCES LTD,TSX Composite,2026-09-24
AEM.TO,AGNICO EAGLE MINES,TSX Composite,2026-09-24
SU.TO,SUNCOR ENERGY INC,TSX Composite,2026-09-24
BN.TO,BROOKFIELD CLASS A,TSX Composite,2026-09-24
CP.TO,CANADIAN PACIFIC KANSAS CITY,TSX Composite,2026-09-24
MFC.TO,MANULIFE FINANCIAL,TSX Composite,2026-09-24
ABX.TO,BARRICK MINING,TSX Composite,2026-09-24
CNR.TO,CANADIAN NATIONAL RAILWAY,TSX Composite,2026-09-24
WPM.TO,WHEATON PRECIOUS METALS,TSX Composite,2026-09-24
TRP.TO,TC ENERGY,TSX Composite,2026-09-24
FNV.TO,FRANCO NEVADA,TSX Composite,2026-09-24
CLS.TO,CELESTICA,TSX Composite,2026-09-24
SLF.TO,SUN LIFE FINANCIAL INC,TSX Composite,2026-09-24
CSU.TO,CONSTELLATION SOFTWARE,TSX Composite,2026-09-24
ATD.TO,ALIMENTATION COUCHE TARD INC,TSX Composite,2026-09-24
CVE.TO,CENOVUS ENERGY,TSX Composite,2026-09-24
WCN.TO,WASTE CONNECTIONS,TSX Composite,2026-09-24
CCO.TO,CAMECO,TSX Composite,2026-09-24
NTR.TO,NUTRIEN LTD,TSX Composite,2026-09-24
POW.TO,POWER CORPORATION OF CANADA,TSX Composite,2026-09-24
DOL.TO,DOLLARAMA,TSX Composite,2026-09-24
TECK-B.TO,TECK RESOURCES SUBORDINATE VOTING,TSX Composite,2026-09-24
IFC.TO,INTACT FINANCIAL CORP,TSX Composite,2026-09-24
FFH.TO,FAIRFAX FINANCIAL HOLDINGS SUB VOT,TSX Composite,2026-09-24
K.TO,KINROSS GOLD,TSX Composite,2026-09-24
FTS.TO,FORTIS,TSX Composite,2026-09-24
PPL.TO,PEMBINA PIPELINE,TSX Composite,2026-09-24
QSR.TO,RESTAURANTS BRANDS INTERNATIONAL,TSX Composite,2026-09-24
L.TO,LOBLAW COMPANIES LTD,TSX Composite,2026-09-24
FM.TO,FIRST QUANTUM MINERALS,TSX Composite,2026-09-24
BCE.TO,BCE INC,TSX Composite,2026-09-24
PAAS.TO,PAN AMERICAN SILVER,TSX Composite,2026-09-24
BBD-B.TO,BOMBARDIER CLASS B,TSX Composite,2026-09-24
IMO.TO,IMPERIAL OIL LTD,TSX Composite,2026-09-24
WSP.TO,WSP GLOBAL INC,TSX Composite,2026-09-24
GWO.TO,GREAT WEST LIFECO INC,TSX Composite,2026-09-24
BAM.TO,BROOKFIELD ASSET MANAGEMENT VOTING,TSX Composite,2026-09-24
LUN.TO,LUNDIN MINING,TSX Composite,2026-09-24
TOU.TO,TOURMALINE OIL CORP,TSX Composite,2026-09-24
WCP.TO,WHITECAP RESOURCES INC,TSX Composite,2026-09-24
BIP-UN.TO,BROOKFIELD INFRASTRUCTURE PARTNERS,TSX Composite,2026-09-24
MG.TO,MAGNA INTERNATIONAL,TSX Composite,2026-09-24
RBA.TO,RB GLOBAL,TSX Composite,2026-09-24
EMA.TO,EMERA INC,TSX Composite,2026-09-24
AGI.TO,ALAMOS GOLD CLASS A,TSX Composite,2026-09-24
GFL.TO,GFL ENVIRONMENTAL SUBORDINATE VOTI,TSX Composite,2026-09-24
EQX.TO,EQUINOX GOLD,TSX Composite,2026-09-24
T.TO,TELUS,TSX Composite,2026-09-24
MRU.TO,METRO,TSX Composite,2026-09-24
IAG.TO,IA FINANCIAL INC,TSX Composite,2026-09-24
TIH.TO,TOROMONT INDUSTRIES LTD,TSX Composite,2026-09-24
TRI.TO,THOMSON REUTERS CORP,TSX Composite,2026-09-24
GIB-A.TO,CGI INC CLASS A,TSX Composite,2026-09-24
RCI-B.TO,ROGERS COMMUNICATIONS NON-VOTING I,TSX Composite,2026-09-24
ALA.TO,ALTAGAS,TSX Composite,2026-09-24
HBM.TO,HUDBAY MINERALS,TSX Composite,2026-09-24
H.TO,HYDRO ONE,TSX Composite,2026-09-24
IMG.TO,IAMGOLD CORP,TSX Composite,2026-09-24
KEY.TO,KEYERA,TSX Composite,2026-09-24
ELD.TO,ELDORADO GOLD,TSX Composite,2026-09-24
WN.TO,GEORGE WESTON,TSX Composite,2026-09-24
X.TO,TMX GROUP LTD,TSX Composite,2026-09-24
DPM.TO,DPM METALS,TSX Composite,2026-09-24
ATRL.TO,ATKINSREALIS GROUP INC,TSX Composite,2026-09-24
FTT.TO,FINNING INTERNATIONAL INC,TSX Composite,2026-09-24
TFII.TO,TFI INTERNATIONAL,TSX Composite,2026-09-24
AG.TO,FIRST MAJESTIC SILVER,TSX Composite,2026-09-24
CCL-B.TO,CCL INDUSTRIES CLASS B,TSX Composite,2026-09-24
GMIN.TO,G MINING VENTURES CORP,TSX Composite,2026-09-24
CAE.TO,CAE,TSX Composite,2026-09-24
ATZ.TO,ARITZIA SUBORDINATE VOTING,TSX Composite,2026-09-24
STN.TO,STANTEC,TSX Composite,2026-09-24
GIL.TO,GILDAN ACTIVEWEAR,TSX Composite,2026-09-24
SSRM.TO,SSR MINING,TSX Composite,2026-09-24
SOBO.TO,SOUTH BOW,TSX Composite,2026-09-24
CS.TO,CAPSTONE COPPER CORP,TSX Composite,2026-09-24
DSG.TO,DESCARTES SYSTEMS GROUP,TSX Composite,2026-09-24
CPX.TO,CAPITAL POWER CORP,TSX Composite,2026-09-24
QBR-B.TO,QUEBECOR CLASS B,TSX Composite,2026-09-24
SAP.TO,SAPUTO,TSX Composite,2026-09-24
OR.TO,OR ROYALTIES INC,TSX Composite,2026-09-24
IVN.TO,IVANHOE MINES CLASS A,TSX Composite,2026-09-24
BTO.TO,B2GOLD,TSX Composite,2026-09-24
EFN.TO,ELEMENT FLEET MANAGEMENT,TSX Composite,2026-09-24
LUG.TO,LUNDIN GOLD,TSX Composite,2026-09-24
CTC-A.TO,CANADIAN TIRE LTD CLASS A,TSX Composite,2026-09-24
BEP-UN.TO,BROOKFIELD RENEWABLE PARTNERS NON,TSX Composite,2026-09-24
OGC.TO,OCEANAGOLD CORPORATION CORP,TSX Composite,2026-09-24
NXE.TO,NEXGEN ENERGY,TSX Composite,2026-09-24
DSV.TO,DISCOVERY MINING LTD,TSX Composite,2026-09-24
AC.TO,AIR CANADA VOTING AND VARIABLE VOT,TSX Composite,2026-09-24
PSK.TO,PRAIRIESKY ROYALTY,TSX Composite,2026-09-24
OTEX.TO,OPEN TEXT,TSX Composite,2026-09-24
FSV.TO,FIRSTSERVICE SUBORDINATE VOTING,TSX Composite,2026-09-24
MDA.TO,MDA SPACE,TSX Composite,2026-09-24
BB.TO,BLACKBERRY,TSX Composite,2026-09-24
KNT.TO,K92 MINING,TSX Composite,2026-09-24
DFY.TO,DEFINITY FINANCIAL,TSX Composite,2026-09-24
IGM.TO,IGM FINANCIAL INC,TSX Composite,2026-09-24
CU.TO,CANADIAN UTILITIES LTD CLASS A,TSX Composite,2026-09-24
CSH-UN.TO,CHARTWELL RETIREMENT RESIDENCES RE,TSX Composite,2026-09-24
MX.TO,METHANEX CORP,TSX Composite,2026-09-24
EIF.TO,EXCHANGE INCOME CORP,TSX Composite,2026-09-24
TXG.TO,TOREX GOLD RESOURCES,TSX Composite,2026-09-24
CG.TO,CENTERRA GOLD,TSX Composite,2026-09-24
TVE.TO,TAMARACK VALLEY ENERGY,TSX Composite,2026-09-24
MAU.TO,MONTAGE GOLD,TSX Composite,2026-09-24
ONEX.TO,ONEX,TSX Composite,2026-09-24
EMP-A.TO,EMPIRE CLASS A,TSX Composite,2026-09-24
REI-UN.TO,RIOCAN REAL ESTATE INVESTMENT TRUS,TSX Composite,2026-09-24
NPI.TO,NORTHLAND POWER INC,TSX Composite,2026-09-24
WFG.TO,WEST FRASER TIMBER,TSX Composite,2026-09-24
CIGI.TO,COLLIERS INTERNATIONAL GROUP SUBOR,TSX Composite,2026-09-24
AYA.TO,AYA GOLD & SILVER INC,TSX Composite,2026-09-24
SKE.TO,SKEENA RESOURCES,TSX Composite,2026-09-24
ERO.TO,ERO COPPER,TSX Composite,2026-09-24
ARIS.TO,ARIS MINING,TSX Composite,2026-09-24
GEI.TO,GIBSON ENERGY,TSX Composite,2026-09-24
ACO-X.TO,ATCO CLASS I,TSX Composite,2026-09-24
WDO.TO,WESDOME GOLD MINES LTD,TSX Composite,2026-09-24
GRT-UN.TO,GRANITE REAL ESTATE INVESTMENT STA,TSX Composite,2026-09-24
AQN.TO,ALGONQUIN POWER UTILITIES,TSX Composite,2026-09-24
ATH.TO,ATHABASCA OIL,TSX Composite,2026-09-24
PEY.TO,PEYTO EXPLORATION & DEVELOPMENT,TSX Composite,2026-09-24
FCR-UN.TO,FIRST CAPITAL REALTY REAL ESTATE I,TSX Composite,2026-09-24
KXS.TO,KINAXIS INC,TSX Composite,2026-09-24
FVI.TO,FORTUNA MINING CORP,TSX Composite,2026-09-24
CAR-UN.TO,CANADIAN APARTMENT PROPERTIES REAL,TSX Composite,2026-09-24
TA.TO,TRANSALTA,TSX Composite,2026-09-24
TKO.TO,TREKOR METALS,TSX Composite,2026-09-24
RUS.TO,RUSSEL METALS,TSX Composite,2026-09-24
BDT.TO,BIRD CONSTRUCTION,TSX Composite,2026-09-24
EFR.TO,ENERGY FUELS,TSX Composite,2026-09-24
BTE.TO,BAYTEX ENERGY,TSX Composite,2026-09-24
EFX.TO,ENERFLEX,TSX Composite,2026-09-24
CHP-UN.TO,CHOICE PROPERTIES REAL ESTATE INVE,TSX Composite,2026-09-24
CEU.TO,CES ENERGY SOLUTIONS CORP,TSX Composite,2026-09-24
SEA.TO,SEABRIDGE GOLD,TSX Composite,2026-09-24
EDR.TO,ENDEAVOUR SILVER CORP,TSX Composite,2026-09-24
TPZ.TO,TOPAZ ENERGY,TSX Composite,2026-09-24
SJ.TO,STELLA JONES,TSX Composite,2026-09-24
LNR.TO,LINAMAR,TSX Composite,2026-09-24
ARE.TO,AECON GROUP,TSX Composite,2026-09-24
DIR-UN.TO,DREAM INDUSTRIAL REAL ESTATE INVES,TSX Composite,2026-09-24
SVM.TO,SILVERCORP METALS INC,TSX Composite,2026-09-24
SII.TO,SPROTT INC,TSX Composite,2026-09-24
NGEX.TO,NGEX MINERALS,TSX Composite,2026-09-24
PBH.TO,PREMIUM BRANDS HOLDINGS,TSX Composite,2026-09-24
SRU-UN.TO,SMARTCENTRES RL ESTATE INVESTMENT,TSX Composite,2026-09-24
ALS.TO,ALTIUS MINERALS CORP,TSX Composite,2026-09-24
AAUC.TO,ALLIED GOLD,TSX Composite,2026-09-24
TFPM.TO,TRIPLE FLAG PRECIOUS METALS,TSX Composite,2026-09-24
DML.TO,DENISON MINES CORP,TSX Composite,2026-09-24
NG.TO,NOVAGOLD RESOURCES INC,TSX Composite,2026-09-24
BYD.TO,BOYD GROUP SERVICES INC,TSX Composite,2026-09-24
BDGI.TO,BADGER INFRASTRUCTURE SOLUTIONS LT,TSX Composite,2026-09-24
DOO.TO,BRP SUBORDINATE VOTING,TSX Composite,2026-09-24
HWX.TO,HEADWATER EXPLORATION INC,TSX Composite,2026-09-24
EQB.TO,EQB,TSX Composite,2026-09-24
SCR.TO,STRATHCONA RESOURCES LTD,TSX Composite,2026-09-24
PPTA.TO,PERPETUA RESOURCES,TSX Composite,2026-09-24
CURA.TO,CURALEAF HLDGS,TSX Composite,2026-09-24
EXE.TO,EXTENDICARE,TSX Composite,2026-09-24
PXT.TO,PAREX RESOURCES,TSX Composite,2026-09-24
VNP.TO,5N PLUS,TSX Composite,2026-09-24
SXGC.TO,SOUTHERN CROSS GOLD CONSOLIDATED L,TSX Composite,2026-09-24
VET.TO,VERMILION ENERGY,TSX Composite,2026-09-24
PMZ-UN.TO,PRIMARIS REAL ESTATE INVESTMENT UN,TSX Composite,2026-09-24
HR-UN.TO,HANDR REAL ESTATE INVESTMENT TRUST,TSX Composite,2026-09-24
NWC.TO,NORTH WEST COMPANY INC,TSX Composite,2026-09-24
SDE.TO,SPARTAN DELTA,TSX Composite,2026-09-24
HPS-A.TO,HAMMOND POWER SOLUTIONS CLASS A,TSX Composite,2026-09-24
POU.TO,PARAMOUNT RESOURCE LTD CLASS A,TSX Composite,2026-09-24
SGD.TO,SNOWLINE GOLD,TSX Composite,2026-09-24
FRU.TO,FREEHOLD ROYALTIES,TSX Composite,2026-09-24
MTL.TO,MULLEN GROUP,TSX Composite,2026-09-24
BEI-UN.TO,BOARDWALK REAL ESTATE INVESTMENT T,TSX Composite,2026-09-24
IPCO.TO,INTERNATIONAL PETROLEUM,TSX Composite,2026-09-24
BBUC.TO,BROOKFIELD BUSINESS CORP CLASS A,TSX Composite,2026-09-24
SIA.TO,SIENNA SENIOR LIVING INC,TSX Composite,2026-09-24
NFI.TO,NFI GROUP,TSX Composite,2026-09-24
ATS.TO,ATS,TSX Composite,2026-09-24
ABRA.TO,ABRASILVER RESOURCE CORP,TSX Composite,2026-09-24
KMP-UN.TO,KILLAM APARTMENT REIT UNITS CLASS,TSX Composite,2026-09-24
BHC.TO,BAUSCH HEALTH COMPANIES,TSX Composite,2026-09-24
VZLA.TO,VIZSLA SILVER,TSX Composite,2026-09-24
TSU.TO,TRISURA GROUP,TSX Composite,2026-09-24
MFI.TO,MAPLE LEAF FOODS,TSX Composite,2026-09-24
JWEL.TO,JAMIESON WELLNESS,TSX Composite,2026-09-24
IAU.TO,I GOLD CORP,TSX Composite,2026-09-24
USA.TO,AMERICAS GOLD AND SILVER,TSX Composite,2026-09-24
RCH.TO,RICHELIEU HARDWARE,TSX Composite,2026-09-24
KEL.TO,KELT EXPLORATION,TSX Composite,2026-09-24
LB.TO,LAURENTIAN BANK OF CANADA,TSX Composite,2026-09-24
TVK.TO,TERRAVEST INDUSTRIES INC,TSX Composite,2026-09-24
BIR.TO,BIRCHCLIFF ENERGY,TSX Composite,2026-09-24
CRR-UN.TO,CROMBIE REAL ESTATE INVESTMENT TRU,TSX Composite,2026-09-24
CCA.TO,COGECO COMMUNICATIONS SUBORDINATE,TSX Composite,2026-09-24
AAV.TO,ADVANTAGE ENERGY,TSX Composite,2026-09-24
LSPD.TO,LIGHTSPEED COMMERCE,TSX Composite,2026-09-24
LIF.TO,LABRADOR IRON ORE ROYALTY,TSX Composite,2026-09-24
SPB.TO,SUPERIOR PLUS,TSX Composite,2026-09-24
LAC.TO,LITHIUM AMERICAS,TSX Composite,2026-09-24
AIF.TO,ALTUS GROUP,TSX Composite,2026-09-24
AP-UN.TO,ALLIED PROPERTIES REAL ESTATE INVT,TSX Composite,2026-09-24
ASM.TO,AVINO SILVER AND GOLD MINES LTD,TSX Composite,2026-09-24
CJT.TO,CARGOJET,TSX Composite,2026-09-24
CRT-UN.TO,CT REIT UNITS TRUST,TSX Composite,2026-09-24
2299955D.TO,CONSTELLATION SOFTWARE INC,TSX Composite,2026-09-24
